Name,Attribute,Specialty,Emoji 1,Emoji 2,Emoji 3,Emoji 4,Emoji 5,Status,Notes
Alexandrina Sebastiane,Electric,Support,⚡,👻,🎸,🧹,🎎,❓,she says she knows how to play the guitar in an event
Alice Thymefield,Physical,Anomaly,👻,⚖️,⭐,🐇,🤺,❓,
Anby Demara,Electric,Stun,🗡️,😐,🎧,🟢,🍔,❓,
Anton Ivanov,Electric,Attack,⚡,🚧,🛠️,💪,🦾,❓,
Aria,Ether,Anomaly,✨,🎀,🤖,🎤,😇,❓,
Asaba Harumasa,Electric,Attack,⚡,💉,🎯,⚔️,🏹,❓,Keeping the biggest clue for 5th emoji
Astra Yao,Ether,Support,🎵,⭐,💿,✨,🎤,❓,
Banyue,Fire,Rupture,💥,⚖️,🎱,🤖,🥋,❓,
Ben Bigger,Fire,Defense,🔥,📋,💪,🚧,🐻,❓,
Billy Kid,Physical,Attack,🤠,🔫,💥,🎯,🤖,❓,
Burnice White,Fire,Anomaly,🔥,💥,😈,🏍️,🥃,❓,traded the test tube for nitro fuel
Caesar King,Physical,Defense,🛡️,🗡️,💪,🌿,👑,❓,Does leaf for laurels for Caesar work ?
Cissia,Electric,Attack,⚡,😋,⛓️,🥚,🐍,❓,
Corin Wickes,Physical,Attack,⚙️,🧸,🔩,🧹,🧟,❓,the cog is a buzzsaw
Dialyn,Physical,Stun,📈,💀,☯️,⭕,☎️,❓,the circle is a hoop
Ellen Joe,Ice,Attack,🧊,😴,🍭,✂️,🦈,❓,
Evelyn Chevalier,Fire,Attack,👥,🔥,⭐,🦋,🧵,❓,
Grace Howard,Electric,Anomaly,🛠️,🧨,🤖,🚧,👨‍🔧,❓,
Hoshimi Miyabi,Frost,Anomaly,🔥,🗡️,❄️,🍈,🦊,❓,Flame for foxfire to mess with players ehehe
Hugo Vlad,Ice,Attack,🧊,🌹,🩸,🎩,💼,❓,
Jane Doe,Physical,Anomaly,😏,🔪,🍎,👥,🐀,❓,
Ju Fufu,Fire,Stun,😋,🔔,🥋,🍖,🐅,❓,bell is in reference to the Tigerbane bell
Koleda Belobog,Fire,Stun,🔥,⚒️,💪,🐻,💢,❓,"💢 is not for uogh, she's just often angry, can use 😡 instead"
Komano Manato,Fire,Rupture,🗡️,🍜,💪,👻,🐕,❓,noodles for his trailer where he famously makes some
Lighter,Fire,Stun,💪,🕶️,😐,🧣,🥊,❓,
Lucia Elowen,Ether,Support,✨,📖,🔮,💠,🐐,❓,
Luciana de Montefio,Fire,Support,😤,🔥,💅,🐷,🏏,❓,
Nangong Yu,Ether,Stun,✨,🍀,⚒️,💃,😇,❓,
Nekomiya Mana,Physical,Attack,⚔️,🔔,🔺,🔪,🐈,❓,
Nicole Demara,Ether,Support,💼,🤑,💅,😏,💸,❓,
Orphie Magnusson & Magus,Fire,Attack,🔫,💥,🎭,🔪,🐉,❓,
Pan Yinhu,Physical,Defense,💪,🏷️,🥘,👨‍🍳,🐼,❓,"tag because he's stingy so he checks prices, also 🎫 for coupons i guess"
Piper Wheel,Physical,Anomaly,💫,😴,🧓,🪓,🚚,❓,
Promeia,Ice,Anomaly,❄️,😐,💀,⛓️,🌙,❓,
Pulchra Fellini,Physical,Stun,💰,😤,🔫,⚔️,🐈,❓,
Pyrois,Ether,Attack,🗡️,🌀,✨,🌌,🤺,❓,
Qingyi,Electric,Stun,🤖,👮,🍵,🧓,👅,❓,
Seed,Electric,Attack,👥,💪,🤖,🍀,🛴,❓,
Seth Lowell,Electric,Defense,🛡️,📋,👮,⚖️,😺,❓,
Soldier 0 - Anby,Electric,Attack,👥,⚡,⚔️,👑,😐,❓,
Soldier 11,Fire,Attack,🔥,🗡️,🎖️,👥,🍜,❓,
Soukaku,Ice,Support,❄️,🌪️,😋,🏳,👹,❓,
Starlight - Billy Kid,Physical,Rupture,✨,🔫,🧣,👹,🏍️,❓,
Sunna,Physical,Support,😵,🖥️,🎵,😇,🎒,❓,
Trigger,Electric,Stun,⚡,🔫,🦯,🎯,👁️,❓,
Tsukishiro Yanagi,Electric,Anomaly,⚡,📋,⌚,👹,👓,❓,"maybe a bit too obvious idk, can also be a free day"
Ukinami Yuzuha,Physical,Support,👻,😏,🍎,☂️,🦝,❓,
Velina Airgid,Wind,Anomaly,🌪️,🍵,📋,💨,🦋,❓,i can't believe there's no fan emoji
Vivian Banshee,Ether,Anomaly,🟣,😍,🚀,🧿,☂️,❓,
Norma Hollowell,Fire,Stun,🤓,🤖,🎩,🧪,🚀,❓,
Von Lycaon,Ice,Stun,🌙,❄️,🎩,⌚,🐺,❓,
Ye Shunguang,Honed Edge,Attack,⚔️,⛩️,🗡️,🎭,☯️,❓,
Yidhari Murphy,Ice,Rupture,🔨,😴,😊,🧭,🐙,❓,
Yixuan,Auric Ink,Rupture,🤔,📜,☯️,🐦,🖌️,❓,
Zhao,Ice,Defense,🧊,📈,🔪,🤏,🐇,❓,
Zhu Yuan,Ether,Attack,⚖️,😵,🔫,🚔,👮,❓,car is a bit of a duplicate with the cop but i ran out of ideas